SuryaInformaticsSolutionsPvt.Ltd., python webtechnologies linux mobile mysql angularjs javascript, https://www.timesjobs.com/job-detail/python-surya-informatics-solutions-pvt-ltd-chennai-0-to-3-yrs-jobid-UVlLes58wutzpSvf__PLUS__uAgZw==&source=srp
eastindiasecuritiesltd., python hadoop machinelearning, https://www.timesjobs.com/job-detail/python-engineer-east-india-securities-ltd-kolkata-2-to-5-yrs-jobid-KEkE19WqPbFzpSvf__PLUS__uAgZw==&source=srp
DREAMAJAXTECHNOLOGIES, python django api sql nosql, https://www.timesjobs.com/job-detail/python-developer-dreamajax-technologies-bengaluru-bangalore-4-to-7-yrs-jobid-EWIVCDzRLKBzpSvf__PLUS__uAgZw==&source=srp
INFINITYGROUP, python css django html bootstrap, https://www.timesjobs.com/job-detail/python-developer-infinity-group-noida-greater-noida-2-to-5-yrs-jobid-efOg3e9X__SLASH__D9zpSvf__PLUS__uAgZw==&source=srp
InnOvatorWebSolutionsPvt.Ltd., rest python django webdeveloper mysql api, https://www.timesjobs.com/job-detail/python-developer-innovator-web-solutions-pvt-ltd-mumbai-5-to-8-yrs-jobid-OO__SLASH__Qb2Q7MfpzpSvf__PLUS__uAgZw==&source=srp
DealsCorner, python css oops linux debugging html javascript, https://www.timesjobs.com/job-detail/python-developer-dealscorner-ahmedabad-1-to-4-yrs-jobid-zwS7bOT__PLUS__nKxzpSvf__PLUS__uAgZw==&source=srp
AxisTechnolabs, python django itskills html5 api jquery, https://www.timesjobs.com/job-detail/python-odoo-axistechnolabs-ahmedabad-0-to-1-yrs-jobid-HzL8naalyxFzpSvf__PLUS__uAgZw==&source=srp
pearlglobalsolutions, python database django teamplayer sql, https://www.timesjobs.com/job-detail/python-developer-pearl-global-solutions-cochin-kochi-ernakulam-4-to-7-yrs-jobid-dZD__SLASH__NDlCjpVzpSvf__PLUS__uAgZw==&source=srp
SourcedeskGlobalPrivateLimited, html5 storage python javascript django infrastructure, https://www.timesjobs.com/job-detail/python-developer-sourcedesk-global-private-limited-kolkata-3-to-15-yrs-jobid-A27Uf03p2IJzpSvf__PLUS__uAgZw==&source=srp
TandAHRSolutions, python cloudservices postgresql mysql machinelearning, https://www.timesjobs.com/job-detail/python-developer-tanda-hr-solutions-mohali-5-to-8-yrs-jobid-mpGA2O7bJEVzpSvf__PLUS__uAgZw==&source=srp
TECHNOPARKTRIVANDRUM, rest python git restapi mysql sql, https://www.timesjobs.com/job-detail/python-developers-technopark-trivandrum-thiruvananthapuram-5-to-8-yrs-jobid-az38K6zAGapzpSvf__PLUS__uAgZw==&source=srp
